tick;corrected_tick;remaining_distance;victim_harm;idle_time_robot;q_table_cps;q_table_cps_runs;q_table_basic;world_nr;tick_nr
1350;1331;;200;4;"                     CP_known  Round 2  Round 3  Round 4
[4, 'equal', True]          0     -321        0        0
[4, 'equal', False]       -99      462        0       25
[4, 'human', False]         0        0        0        0
[3, 'human', True]          0        0        0        0
[2, 'human', True]          0        0        0        0
[4, 'robot', False]       218        0        0        0
[3, 'human', False]         0        0        0        0
[2, 'human', False]         0        0        0        0
[2, 'robot', False]         0        0        0        0
[3, 'robot', False]       139        0        0        0
[2, 'equal', False]         0        0        0        0
[4, 'robot', True]          0        0        0        0
[3, 'robot', True]          0        0        0        0
[1, 'robot', False]         0        0        0        0
[4, 'human', True]          0        0        0        0
[3, 'equal', True]          0        0        0        0
[2, 'robot', True]         22        0        0        0
[3, 'equal', False]         0        0        0        0";"                     CP_known  Round 2  Round 3  Round 4
[4, 'equal', True]          0        1        0        0
[4, 'equal', False]         4        9        0        1
[4, 'human', False]         0        0        0        0
[3, 'human', True]          0        0        0        0
[2, 'human', True]          0        0        0        0
[4, 'robot', False]         7        0        0        0
[3, 'human', False]         0        0        0        0
[2, 'human', False]         0        0        0        0
[2, 'robot', False]         0        0        0        0
[3, 'robot', False]         4        0        0        0
[2, 'equal', False]         0        0        0        0
[4, 'robot', True]          0        0        0        0
[3, 'robot', True]          0        0        0        0
[1, 'robot', False]         0        0        0        0
[4, 'human', True]          0        0        0        0
[3, 'equal', True]          0        0        0        0
[2, 'robot', True]          1        0        0        0
[3, 'equal', False]         0        0        0        0";"                     Move back and forth  Stand Still    Pick up       Drop      Break
[4, 'equal', False]           -17.086479   -10.765899 -13.622072 -26.384264 -19.692788
[4, 'human', False]           -40.620109   -21.800000  -4.858971 -11.196000 -29.169625
[4, 'human', True]             -5.050000    -3.500000  -5.461158   0.000000  -2.650000
[4, 'equal', True]            -21.358913   -35.446810  -4.918146 -12.577040 -58.176750
[3, 'human', False]           -41.720762   -34.622368 -29.394345 -26.244750 -21.315300
[3, 'human', True]            -47.236800   -14.176150 -10.351391 -50.887786 -42.635237
[2, 'human', True]             -4.500000    -3.500000   0.000000 -17.811302  -3.839484
[2, 'human', False]           -29.101400   -37.862835  -4.308893 -38.916982 -37.482609
[1, 'human', False]           -11.500000    -3.500000  13.204810  -0.624000   0.000000
[4, 'robot', False]           -22.548420    -4.378472 -24.929928 -16.788822 -24.500350
[3, 'equal', False]           -23.974971   -47.407195 -43.806341 -45.370732 -55.091948
[4, 'robot', True]            -43.932465   -36.114117 -12.105312  -7.949677 -32.748007
[3, 'robot', True]            -56.209925   -51.844544 -18.047893 -11.535350 -47.556412
[3, 'robot', False]           -79.183671   -66.227456 -25.226458 -11.586568 -53.531548
[2, 'robot', False]           -60.377150    -8.910030 -42.113593 -48.513745 -78.370102
[2, 'equal', False]           -77.529680   -47.481879  -5.796681 -44.719360 -41.089484
[1, 'equal', False]            -4.852240    -3.500000  -8.257400  -8.500000  -2.500000
[1, 'human', True]              0.000000     0.000000   0.000000 -26.000000   0.000000
[2, 'equal', True]            -23.490797   -19.325881 -29.500000 -48.277927 -41.069978
[2, 'robot', True]            -43.956998   -12.796288  -6.258495 -40.907483 -20.030503
[1, 'robot', False]           -40.249819     3.459388   3.462818 -42.495209  -4.753610
[1, 'robot', True]            -51.450314   -39.944491 -17.328691 -30.967131 -27.717815
[3, 'equal', True]            -31.968792   -40.160465 -29.302901 -13.779047 -31.707399
[1, 'equal', True]             -4.000000   -27.750000  -1.000000   0.000000   0.000000";1;1350
